{
    "distCoefficients": {
        "alpha": -1.780881655217437e-07
    },
    "txUID": {
        "productCode": "0FB1",
        "name": "PhotonIC.OFilm_wFPGA",
        "testRevision": "2.4.2",
        "testStatus": "PASS",
        "version": "20201109-203246",
        "uniqueID": "21W28.2-00A.029",
        "laserClass1": false
    },
    "calibrationFreq6": {
        "frequencyMhz": 166.666667,
        "hwDelayNs": 3.1897585761308367,
        "colDzero0Mm": -2.51080322265625,
        "colDzero1Mm": -1.3038330078125,
        "colDzero2Mm": -0.737548828125,
        "colDzero3Mm": 1.52923583984375,
        "colDzero4Mm": -0.29296875,
        "colDzero5Mm": 3.31866455078125,
        "driftRxMmPerC": 0.04075277969241142,
        "driftTxMmPerC": 1.4046550989151
    },
    "calibrationFreq4": {
        "frequencyMhz": 185.714286,
        "hwDelayNs": 3.1961100159977174,
        "colDzero0Mm": -2.1102294921875,
        "colDzero1Mm": -2.29754638671875,
        "colDzero2Mm": -0.01507568359375,
        "colDzero3Mm": 1.5931396484375,
        "colDzero4Mm": 0.209716796875,
        "colDzero5Mm": 2.6046142578125,
        "driftRxMmPerC": 0.15574347972869873,
        "driftTxMmPerC": 1.2480647563934326
    },
    "calibrationFreq5": {
        "frequencyMhz": 157.142857,
        "hwDelayNs": 3.1972043195937196,
        "colDzero0Mm": -1.2222900390625,
        "colDzero1Mm": -1.0802001953125,
        "colDzero2Mm": -2.15374755859375,
        "colDzero3Mm": 2.08636474609375,
        "colDzero4Mm": 0.36865234375,
        "colDzero5Mm": 1.98968505859375,
        "driftRxMmPerC": 0.6163753271102905,
        "driftTxMmPerC": 0.8054189682006836
    },
    "calibrationFreq2": {
        "frequencyMhz": 177.777778,
        "hwDelayNs": 3.1712437736519457,
        "colDzero0Mm": -0.80462646484375,
        "colDzero1Mm": -0.67694091796875,
        "colDzero2Mm": -1.11663818359375,
        "colDzero3Mm": 1.439208984375,
        "colDzero4Mm": -0.3487548828125,
        "colDzero5Mm": 1.5181884765625,
        "driftRxMmPerC": 1.1433534622192383,
        "driftTxMmPerC": 0.6777951121330261
    },
    "calibrationFreq3": {
        "frequencyMhz": 133.333333,
        "hwDelayNs": 3.163450906908843,
        "colDzero0Mm": -2.03082275390625,
        "colDzero1Mm": -2.50140380859375,
        "colDzero2Mm": 0.0213623046875,
        "colDzero3Mm": 3.10931396484375,
        "colDzero4Mm": -2.9625244140625,
        "colDzero5Mm": 4.38433837890625,
        "driftRxMmPerC": 1.1436755657196045,
        "driftTxMmPerC": 0.597450852394104
    },
    "papabearUID": {
        "dieX": 13,
        "dieY": 10,
        "fwRev": "0x0100",
        "botLotID": "NA",
        "deviceRev": "0xA00A000",
        "topLotID": "Q011061",
        "botWaferID": "NA",
        "topWaferID": 17
    },
    "opticalCenter": {
        "fPix": 634.66,
        "xCenter": 330.09,
        "yCenter": 410.35
    },
    "calibrationFreq1": {
        "frequencyMhz": 200.0,
        "hwDelayNs": 3.1880925879771462,
        "colDzero0Mm": -1.04443359375,
        "colDzero1Mm": -1.7344970703125,
        "colDzero2Mm": 0.037109375,
        "colDzero3Mm": 0.486328125,
        "colDzero4Mm": -2.1163330078125,
        "colDzero5Mm": 4.421142578125,
        "driftRxMmPerC": 0.7660335898399353,
        "driftTxMmPerC": 0.7365736365318298
    }
}