{
    "distCoefficients": {
        "alpha": -1.5788690957693712e-07
    },
    "txUID": {
        "productCode": "0FB1",
        "name": "PhotonIC.OFilm_wFPGA",
        "testRevision": "2.5.1",
        "testStatus": "PASS",
        "version": "20210414-152027",
        "uniqueID": "21W35.3-00A.052",
        "laserClass1": false
    },
    "calibrationFreq6": {
        "frequencyMhz": 157.142857,
        "hwDelayNs": 3.3075946124879247,
        "colDzero0Mm": -0.75341796875,
        "colDzero1Mm": -1.806396484375,
        "colDzero2Mm": 1.2086181640625,
        "colDzero3Mm": -0.1983642578125,
        "colDzero4Mm": 0.297119140625,
        "colDzero5Mm": 1.2548828125,
        "driftRxMmPerC": 0.9388304352760315,
        "driftTxMmPerC": 0.6002051830291748
    },
    "calibrationFreq4": {
        "frequencyMhz": 185.714286,
        "hwDelayNs": 3.2985915986611687,
        "colDzero0Mm": -1.076904296875,
        "colDzero1Mm": -2.6190185546875,
        "colDzero2Mm": 2.2044677734375,
        "colDzero3Mm": -0.26904296875,
        "colDzero4Mm": -1.0751953125,
        "colDzero5Mm": 2.876953125,
        "driftRxMmPerC": 0.8649032711982727,
        "driftTxMmPerC": 0.7695275545120239
    },
    "calibrationFreq5": {
        "frequencyMhz": 166.666667,
        "hwDelayNs": 3.2751089632434773,
        "colDzero0Mm": -1.373291015625,
        "colDzero1Mm": -2.1873779296875,
        "colDzero2Mm": 1.4881591796875,
        "colDzero3Mm": -0.150634765625,
        "colDzero4Mm": 0.3048095703125,
        "colDzero5Mm": 1.9454345703125,
        "driftRxMmPerC": 1.0287691354751587,
        "driftTxMmPerC": 0.6281024217605591
    },
    "calibrationFreq2": {
        "frequencyMhz": 177.777778,
        "hwDelayNs": 3.2723971262390585,
        "colDzero0Mm": -1.1805419921875,
        "colDzero1Mm": -2.69970703125,
        "colDzero2Mm": 2.5732421875,
        "colDzero3Mm": -0.7723388671875,
        "colDzero4Mm": -0.580322265625,
        "colDzero5Mm": 2.7181396484375,
        "driftRxMmPerC": 1.038784384727478,
        "driftTxMmPerC": 0.733628511428833
    },
    "calibrationFreq3": {
        "frequencyMhz": 133.333333,
        "hwDelayNs": 3.280894419110937,
        "colDzero0Mm": -0.45556640625,
        "colDzero1Mm": -3.2623291015625,
        "colDzero2Mm": 2.0269775390625,
        "colDzero3Mm": 0.802490234375,
        "colDzero4Mm": -1.2015380859375,
        "colDzero5Mm": 2.0726318359375,
        "driftRxMmPerC": 0.9675425887107849,
        "driftTxMmPerC": 0.6724769473075867
    },
    "papabearUID": {
        "dieX": 12,
        "dieY": -4,
        "fwRev": "0x0100",
        "botLotID": "NA",
        "deviceRev": "0xA00A000",
        "topLotID": "Q011061",
        "botWaferID": "NA",
        "topWaferID": 17
    },
    "opticalCenter": {
        "fPix": 638.57,
        "xCenter": 339.66,
        "yCenter": 406.47
    },
    "calibrationFreq1": {
        "frequencyMhz": 200.0,
        "hwDelayNs": 3.2981160092285617,
        "colDzero0Mm": -0.623291015625,
        "colDzero1Mm": -3.5386962890625,
        "colDzero2Mm": 1.8812255859375,
        "colDzero3Mm": -0.1036376953125,
        "colDzero4Mm": -1.324951171875,
        "colDzero5Mm": 3.723388671875,
        "driftRxMmPerC": 0.8209531903266907,
        "driftTxMmPerC": 0.5699609518051147
    }
}