{
    "distCoefficients": {
        "alpha": -1.7623629548123314e-07
    },
    "txUID": {
        "productCode": "0FB1",
        "name": "PhotonIC.OFilm_wFPGA",
        "testRevision": "2.4.2",
        "testStatus": "PASS",
        "version": "20201109-203246",
        "uniqueID": "21W28.4-00A.037",
        "laserClass1": false
    },
    "calibrationFreq6": {
        "frequencyMhz": 166.666667,
        "hwDelayNs": 3.2392282243679724,
        "colDzero0Mm": -1.395263671875,
        "colDzero1Mm": -4.833251953125,
        "colDzero2Mm": 3.7421875,
        "colDzero3Mm": 2.47607421875,
        "colDzero4Mm": -2.9312744140625,
        "colDzero5Mm": 2.8455810546875,
        "driftRxMmPerC": 0.8100593686103821,
        "driftTxMmPerC": 0.8450842499732971
    },
    "calibrationFreq4": {
        "frequencyMhz": 185.714286,
        "hwDelayNs": 3.2433755840989793,
        "colDzero0Mm": -0.7332763671875,
        "colDzero1Mm": -0.640380859375,
        "colDzero2Mm": 0.7606201171875,
        "colDzero3Mm": 2.0201416015625,
        "colDzero4Mm": -2.100830078125,
        "colDzero5Mm": 0.6611328125,
        "driftRxMmPerC": 0.1659557968378067,
        "driftTxMmPerC": 1.3595260381698608
    },
    "calibrationFreq5": {
        "frequencyMhz": 157.142857,
        "hwDelayNs": 3.2523362509214624,
        "colDzero0Mm": -2.55206298828125,
        "colDzero1Mm": -2.740478515625,
        "colDzero2Mm": 3.9630126953125,
        "colDzero3Mm": -1.60595703125,
        "colDzero4Mm": -1.65625,
        "colDzero5Mm": 4.5458984375,
        "driftRxMmPerC": 0.9805970191955566,
        "driftTxMmPerC": 0.4966619312763214
    },
    "calibrationFreq2": {
        "frequencyMhz": 177.777778,
        "hwDelayNs": 3.261681501835638,
        "colDzero0Mm": -0.3106689453125,
        "colDzero1Mm": -3.3883056640625,
        "colDzero2Mm": 4.2984619140625,
        "colDzero3Mm": 2.422119140625,
        "colDzero4Mm": -3.287353515625,
        "colDzero5Mm": 0.1627197265625,
        "driftRxMmPerC": 0.7032865285873413,
        "driftTxMmPerC": 0.7797295451164246
    },
    "calibrationFreq3": {
        "frequencyMhz": 133.333333,
        "hwDelayNs": 3.2493725713964383,
        "colDzero0Mm": -5.14739990234375,
        "colDzero1Mm": 0.3221435546875,
        "colDzero2Mm": 2.5208740234375,
        "colDzero3Mm": -0.0411376953125,
        "colDzero4Mm": 0.272705078125,
        "colDzero5Mm": 2.1058349609375,
        "driftRxMmPerC": 0.8746300339698792,
        "driftTxMmPerC": 0.6186058521270752
    },
    "papabearUID": {
        "dieX": 11,
        "dieY": 7,
        "fwRev": "0x0100",
        "botLotID": "NA",
        "deviceRev": "0xA00A000",
        "topLotID": "Q011061",
        "botWaferID": "NA",
        "topWaferID": 17
    },
    "opticalCenter": {
        "fPix": 637.33,
        "xCenter": 338.26,
        "yCenter": 408.35
    },
    "calibrationFreq1": {
        "frequencyMhz": 200.0,
        "hwDelayNs": 3.2650081847674848,
        "colDzero0Mm": -1.240966796875,
        "colDzero1Mm": -0.25927734375,
        "colDzero2Mm": -0.7149658203125,
        "colDzero3Mm": 2.1627197265625,
        "colDzero4Mm": -0.648193359375,
        "colDzero5Mm": 0.6817626953125,
        "driftRxMmPerC": 0.5948372483253479,
        "driftTxMmPerC": 0.6937392354011536
    }
}