{
    "distCoefficients": {
        "alpha": -1.84321445620823e-07
    },
    "txUID": {
        "productCode": "0FB1",
        "name": "PhotonIC.OFilm_wFPGA",
        "testRevision": "2.5.1",
        "testStatus": "PASS",
        "version": "20210414-152027",
        "uniqueID": "21W35.3-00A.055",
        "laserClass1": false
    },
    "calibrationFreq6": {
        "frequencyMhz": 157.142857,
        "hwDelayNs": 3.3047148126059804,
        "colDzero0Mm": -0.235107421875,
        "colDzero1Mm": 1.872802734375,
        "colDzero2Mm": -2.0933837890625,
        "colDzero3Mm": -1.791015625,
        "colDzero4Mm": 2.83447265625,
        "colDzero5Mm": -0.5966796875,
        "driftRxMmPerC": 1.040617823600769,
        "driftTxMmPerC": 0.7324312329292297
    },
    "calibrationFreq4": {
        "frequencyMhz": 185.714286,
        "hwDelayNs": 3.283457634417666,
        "colDzero0Mm": -2.1510009765625,
        "colDzero1Mm": 0.3040771484375,
        "colDzero2Mm": -0.2027587890625,
        "colDzero3Mm": -2.6815185546875,
        "colDzero4Mm": 1.7105712890625,
        "colDzero5Mm": 2.9036865234375,
        "driftRxMmPerC": 0.948499858379364,
        "driftTxMmPerC": 0.9644080996513367
    },
    "calibrationFreq5": {
        "frequencyMhz": 166.666667,
        "hwDelayNs": 3.2704007092972174,
        "colDzero0Mm": -1.7235107421875,
        "colDzero1Mm": 1.9339599609375,
        "colDzero2Mm": -1.8453369140625,
        "colDzero3Mm": -2.367431640625,
        "colDzero4Mm": 3.0869140625,
        "colDzero5Mm": 0.848876953125,
        "driftRxMmPerC": 0.9009215831756592,
        "driftTxMmPerC": 0.8965927958488464
    },
    "calibrationFreq2": {
        "frequencyMhz": 177.777778,
        "hwDelayNs": 3.2476029552370984,
        "colDzero0Mm": -2.42822265625,
        "colDzero1Mm": 1.467041015625,
        "colDzero2Mm": -0.7984619140625,
        "colDzero3Mm": -2.807373046875,
        "colDzero4Mm": 2.1055908203125,
        "colDzero5Mm": 2.35888671875,
        "driftRxMmPerC": 1.2128933668136597,
        "driftTxMmPerC": 0.9000957012176514
    },
    "calibrationFreq3": {
        "frequencyMhz": 133.333333,
        "hwDelayNs": 3.2706985634666967,
        "colDzero0Mm": -0.7796630859375,
        "colDzero1Mm": 0.6641845703125,
        "colDzero2Mm": -2.7032470703125,
        "colDzero3Mm": 0.374267578125,
        "colDzero4Mm": 2.009765625,
        "colDzero5Mm": 0.4342041015625,
        "driftRxMmPerC": 1.5193294286727905,
        "driftTxMmPerC": 0.5171701312065125
    },
    "papabearUID": {
        "dieX": 11,
        "dieY": 3,
        "fwRev": "0x0100",
        "botLotID": "NA",
        "deviceRev": "0xA00A000",
        "topLotID": "Q011061",
        "botWaferID": "NA",
        "topWaferID": 17
    },
    "opticalCenter": {
        "fPix": 638.01,
        "xCenter": 334.88,
        "yCenter": 406.36
    },
    "calibrationFreq1": {
        "frequencyMhz": 200.0,
        "hwDelayNs": 3.288978014325685,
        "colDzero0Mm": -1.382568359375,
        "colDzero1Mm": -0.01123046875,
        "colDzero2Mm": -0.001708984375,
        "colDzero3Mm": -1.2877197265625,
        "colDzero4Mm": 0.629638671875,
        "colDzero5Mm": 1.965087890625,
        "driftRxMmPerC": 0.9792216420173645,
        "driftTxMmPerC": 0.5990346670150757
    }
}