{
    "distCoefficients": {
        "alpha": -1.592078004064558e-07
    },
    "txUID": {
        "productCode": "0FB1",
        "name": "PhotonIC.OFilm_wFPGA",
        "testRevision": "2.5.1",
        "testStatus": "PASS",
        "version": "20210414-152027",
        "uniqueID": "21W35.3-00A.053",
        "laserClass1": false
    },
    "calibrationFreq6": {
        "frequencyMhz": 157.142857,
        "hwDelayNs": 3.286747874494874,
        "colDzero0Mm": 0.2117919921875,
        "colDzero1Mm": 0.50146484375,
        "colDzero2Mm": 0.2244873046875,
        "colDzero3Mm": -0.1795654296875,
        "colDzero4Mm": -1.0494384765625,
        "colDzero5Mm": 0.291015625,
        "driftRxMmPerC": 0.553142249584198,
        "driftTxMmPerC": 1.0042016506195068
    },
    "calibrationFreq4": {
        "frequencyMhz": 185.714286,
        "hwDelayNs": 3.259589193360082,
        "colDzero0Mm": 0.4427490234375,
        "colDzero1Mm": 0.1114501953125,
        "colDzero2Mm": 0.7244873046875,
        "colDzero3Mm": -0.1358642578125,
        "colDzero4Mm": -1.883544921875,
        "colDzero5Mm": 0.7332763671875,
        "driftRxMmPerC": 0.43738651275634766,
        "driftTxMmPerC": 1.2471120357513428
    },
    "calibrationFreq5": {
        "frequencyMhz": 166.666667,
        "hwDelayNs": 3.2445859347739994,
        "colDzero0Mm": 0.4053955078125,
        "colDzero1Mm": 0.084716796875,
        "colDzero2Mm": 0.2158203125,
        "colDzero3Mm": 0.3719482421875,
        "colDzero4Mm": -1.42431640625,
        "colDzero5Mm": 0.34423828125,
        "driftRxMmPerC": 0.6042271256446838,
        "driftTxMmPerC": 1.064542531967163
    },
    "calibrationFreq2": {
        "frequencyMhz": 177.777778,
        "hwDelayNs": 3.242330753205085,
        "colDzero0Mm": 0.04052734375,
        "colDzero1Mm": -0.164306640625,
        "colDzero2Mm": 1.1597900390625,
        "colDzero3Mm": 0.6485595703125,
        "colDzero4Mm": -2.459716796875,
        "colDzero5Mm": 0.764892578125,
        "driftRxMmPerC": 0.5432701110839844,
        "driftTxMmPerC": 1.2134085893630981
    },
    "calibrationFreq3": {
        "frequencyMhz": 133.333333,
        "hwDelayNs": 3.2658608254112167,
        "colDzero0Mm": 0.914794921875,
        "colDzero1Mm": 0.9134521484375,
        "colDzero2Mm": 0.1365966796875,
        "colDzero3Mm": 0.025390625,
        "colDzero4Mm": -1.383056640625,
        "colDzero5Mm": -0.58544921875,
        "driftRxMmPerC": 0.8961341977119446,
        "driftTxMmPerC": 0.8184192776679993
    },
    "papabearUID": {
        "dieX": 13,
        "dieY": 5,
        "fwRev": "0x0100",
        "botLotID": "NA",
        "deviceRev": "0xA00A000",
        "topLotID": "Q011061",
        "botWaferID": "NA",
        "topWaferID": 17
    },
    "opticalCenter": {
        "fPix": 639.87,
        "xCenter": 334.33,
        "yCenter": 406.45
    },
    "calibrationFreq1": {
        "frequencyMhz": 200.0,
        "hwDelayNs": 3.28227476857715,
        "colDzero0Mm": -0.4447021484375,
        "colDzero1Mm": -0.158203125,
        "colDzero2Mm": 0.5584716796875,
        "colDzero3Mm": 0.063720703125,
        "colDzero4Mm": -1.123046875,
        "colDzero5Mm": 1.076416015625,
        "driftRxMmPerC": 0.323354572057724,
        "driftTxMmPerC": 0.9432214498519897
    }
}