{
    "distCoefficients": {
        "alpha": -1.799276995786835e-07
    },
    "txUID": {
        "productCode": "0FB1",
        "name": "PhotonIC.OFilm_wFPGA",
        "testRevision": "2.4.2",
        "testStatus": "PASS",
        "version": "20201109-203246",
        "uniqueID": "21W28.4-00A.041",
        "laserClass1": false
    },
    "calibrationFreq6": {
        "frequencyMhz": 166.666667,
        "hwDelayNs": 3.2272173516896188,
        "colDzero0Mm": -2.29339599609375,
        "colDzero1Mm": 0.60418701171875,
        "colDzero2Mm": 0.08721923828125,
        "colDzero3Mm": 2.08587646484375,
        "colDzero4Mm": -0.61334228515625,
        "colDzero5Mm": 0.07861328125,
        "driftRxMmPerC": 0.6128300428390503,
        "driftTxMmPerC": 0.9882446527481079
    },
    "calibrationFreq4": {
        "frequencyMhz": 185.714286,
        "hwDelayNs": 3.2215412243860757,
        "colDzero0Mm": -1.724365234375,
        "colDzero1Mm": -0.93841552734375,
        "colDzero2Mm": 1.91064453125,
        "colDzero3Mm": 0.026611328125,
        "colDzero4Mm": -0.12176513671875,
        "colDzero5Mm": 0.79736328125,
        "driftRxMmPerC": 0.40944206714630127,
        "driftTxMmPerC": 1.2468384504318237
    },
    "calibrationFreq5": {
        "frequencyMhz": 157.142857,
        "hwDelayNs": 3.2426017333141597,
        "colDzero0Mm": 0.44122314453125,
        "colDzero1Mm": -0.18157958984375,
        "colDzero2Mm": 0.16046142578125,
        "colDzero3Mm": 1.475341796875,
        "colDzero4Mm": -0.7587890625,
        "colDzero5Mm": -1.17608642578125,
        "driftRxMmPerC": 0.5291687846183777,
        "driftTxMmPerC": 0.9121516346931458
    },
    "calibrationFreq2": {
        "frequencyMhz": 177.777778,
        "hwDelayNs": 3.2430119699180566,
        "colDzero0Mm": -1.009033203125,
        "colDzero1Mm": 0.986083984375,
        "colDzero2Mm": -0.1044921875,
        "colDzero3Mm": 0.8121337890625,
        "colDzero4Mm": -1.0894775390625,
        "colDzero5Mm": 0.3900146484375,
        "driftRxMmPerC": 0.7752371430397034,
        "driftTxMmPerC": 0.7974221706390381
    },
    "calibrationFreq3": {
        "frequencyMhz": 133.333333,
        "hwDelayNs": 3.2201071267990544,
        "colDzero0Mm": -1.313232421875,
        "colDzero1Mm": 0.33203125,
        "colDzero2Mm": 0.995361328125,
        "colDzero3Mm": -0.72412109375,
        "colDzero4Mm": -0.1483154296875,
        "colDzero5Mm": 0.8294677734375,
        "driftRxMmPerC": 1.1275757551193237,
        "driftTxMmPerC": 0.5519304275512695
    },
    "papabearUID": {
        "dieX": 11,
        "dieY": -11,
        "fwRev": "0x0100",
        "botLotID": "NA",
        "deviceRev": "0xA00A000",
        "topLotID": "Q011061",
        "botWaferID": "NA",
        "topWaferID": 17
    },
    "opticalCenter": {
        "fPix": 637.85,
        "xCenter": 334.74,
        "yCenter": 407.45
    },
    "calibrationFreq1": {
        "frequencyMhz": 200.0,
        "hwDelayNs": 3.2494977800869576,
        "colDzero0Mm": -1.59503173828125,
        "colDzero1Mm": -0.190673828125,
        "colDzero2Mm": -0.7650146484375,
        "colDzero3Mm": 0.3214111328125,
        "colDzero4Mm": -0.105712890625,
        "colDzero5Mm": 2.3868408203125,
        "driftRxMmPerC": 0.632838785648346,
        "driftTxMmPerC": 0.7922486662864685
    }
}