{
    "distCoefficients": {
        "alpha": -1.7392086687092817e-07
    },
    "txUID": {
        "productCode": "0FB1",
        "name": "PhotonIC.OFilm_wFPGA",
        "testRevision": "2.5.1",
        "testStatus": "PASS",
        "version": "20210414-152027",
        "uniqueID": "21W34.5-00A.046",
        "laserClass1": false
    },
    "calibrationFreq6": {
        "frequencyMhz": 157.142857,
        "hwDelayNs": 3.262888595048791,
        "colDzero0Mm": -2.6749267578125,
        "colDzero1Mm": 1.3486328125,
        "colDzero2Mm": -0.2872314453125,
        "colDzero3Mm": -0.51123046875,
        "colDzero4Mm": 0.2882080078125,
        "colDzero5Mm": 1.896240234375,
        "driftRxMmPerC": 0.7696183323860168,
        "driftTxMmPerC": 0.9117558002471924
    },
    "calibrationFreq4": {
        "frequencyMhz": 185.714286,
        "hwDelayNs": 3.249660042406216,
        "colDzero0Mm": -4.047119140625,
        "colDzero1Mm": 0.4737548828125,
        "colDzero2Mm": 1.4075927734375,
        "colDzero3Mm": -1.82958984375,
        "colDzero4Mm": -1.027587890625,
        "colDzero5Mm": 5.142822265625,
        "driftRxMmPerC": 0.6671409606933594,
        "driftTxMmPerC": 1.0715974569320679
    },
    "calibrationFreq5": {
        "frequencyMhz": 166.666667,
        "hwDelayNs": 3.260029968668983,
        "colDzero0Mm": -2.680419921875,
        "colDzero1Mm": 1.2786865234375,
        "colDzero2Mm": 0.591064453125,
        "colDzero3Mm": -1.35888671875,
        "colDzero4Mm": -0.3367919921875,
        "colDzero5Mm": 2.593994140625,
        "driftRxMmPerC": 0.5343819260597229,
        "driftTxMmPerC": 1.014486312866211
    },
    "calibrationFreq2": {
        "frequencyMhz": 177.777778,
        "hwDelayNs": 3.2298231175919874,
        "colDzero0Mm": -3.623779296875,
        "colDzero1Mm": 0.5987548828125,
        "colDzero2Mm": 1.0965576171875,
        "colDzero3Mm": -1.39306640625,
        "colDzero4Mm": -0.49755859375,
        "colDzero5Mm": 3.9537353515625,
        "driftRxMmPerC": 0.7039926052093506,
        "driftTxMmPerC": 1.1205989122390747
    },
    "calibrationFreq3": {
        "frequencyMhz": 133.333333,
        "hwDelayNs": 3.2463250122283345,
        "colDzero0Mm": -2.66748046875,
        "colDzero1Mm": 0.0382080078125,
        "colDzero2Mm": 1.02490234375,
        "colDzero3Mm": 0.41943359375,
        "colDzero4Mm": -1.3970947265625,
        "colDzero5Mm": 2.62890625,
        "driftRxMmPerC": 1.0368013381958008,
        "driftTxMmPerC": 0.697073757648468
    },
    "papabearUID": {
        "dieX": 9,
        "dieY": 14,
        "fwRev": "0x0100",
        "botLotID": "NA",
        "deviceRev": "0xA00A000",
        "topLotID": "Q011061",
        "botWaferID": "NA",
        "topWaferID": 17
    },
    "opticalCenter": {
        "fPix": 636.89,
        "xCenter": 335.42,
        "yCenter": 406.41
    },
    "calibrationFreq1": {
        "frequencyMhz": 200.0,
        "hwDelayNs": 3.2588672583737703,
        "colDzero0Mm": -2.952392578125,
        "colDzero1Mm": 0.51171875,
        "colDzero2Mm": 0.3023681640625,
        "colDzero3Mm": -0.1002197265625,
        "colDzero4Mm": -1.0440673828125,
        "colDzero5Mm": 3.3231201171875,
        "driftRxMmPerC": 0.7110082507133484,
        "driftTxMmPerC": 0.7291132211685181
    }
}