{
    "distCoefficients": {
        "alpha": -1.7828709665852917e-07
    },
    "txUID": {
        "productCode": "0FB1",
        "name": "PhotonIC.OFilm_wFPGA",
        "testRevision": "2.5.1",
        "testStatus": "PASS",
        "version": "20210414-152027",
        "uniqueID": "21W33.4-00A.044",
        "laserClass1": false
    },
    "calibrationFreq6": {
        "frequencyMhz": 157.142857,
        "hwDelayNs": 3.274444441022575,
        "colDzero0Mm": 0.3277587890625,
        "colDzero1Mm": 0.923095703125,
        "colDzero2Mm": -0.5574951171875,
        "colDzero3Mm": -1.3433837890625,
        "colDzero4Mm": -0.12841796875,
        "colDzero5Mm": 0.76513671875,
        "driftRxMmPerC": 0.7240519523620605,
        "driftTxMmPerC": 0.77241051197052
    },
    "calibrationFreq4": {
        "frequencyMhz": 185.714286,
        "hwDelayNs": 3.2575319025995975,
        "colDzero0Mm": -1.2098388671875,
        "colDzero1Mm": -0.1737060546875,
        "colDzero2Mm": 1.8153076171875,
        "colDzero3Mm": -2.4486083984375,
        "colDzero4Mm": -1.2213134765625,
        "colDzero5Mm": 3.2830810546875,
        "driftRxMmPerC": 0.5555562973022461,
        "driftTxMmPerC": 0.9922090768814087
    },
    "calibrationFreq5": {
        "frequencyMhz": 166.666667,
        "hwDelayNs": 3.2524461902594792,
        "colDzero0Mm": -0.7706298828125,
        "colDzero1Mm": 0.3997802734375,
        "colDzero2Mm": 0.6646728515625,
        "colDzero3Mm": -1.719482421875,
        "colDzero4Mm": 0.5225830078125,
        "colDzero5Mm": 0.942138671875,
        "driftRxMmPerC": 0.6474022269248962,
        "driftTxMmPerC": 0.8623555898666382
    },
    "calibrationFreq2": {
        "frequencyMhz": 177.777778,
        "hwDelayNs": 3.236281035743651,
        "colDzero0Mm": -0.6439208984375,
        "colDzero1Mm": -0.4530029296875,
        "colDzero2Mm": 1.2572021484375,
        "colDzero3Mm": -2.01025390625,
        "colDzero4Mm": -0.417724609375,
        "colDzero5Mm": 2.3118896484375,
        "driftRxMmPerC": 0.7252689003944397,
        "driftTxMmPerC": 0.9384263753890991
    },
    "calibrationFreq3": {
        "frequencyMhz": 133.333333,
        "hwDelayNs": 3.2609487765068916,
        "colDzero0Mm": 0.8331298828125,
        "colDzero1Mm": -0.519287109375,
        "colDzero2Mm": 0.0662841796875,
        "colDzero3Mm": -1.54541015625,
        "colDzero4Mm": -0.8682861328125,
        "colDzero5Mm": 2.0198974609375,
        "driftRxMmPerC": 0.9166455268859863,
        "driftTxMmPerC": 0.6498633623123169
    },
    "papabearUID": {
        "dieX": 10,
        "dieY": 6,
        "fwRev": "0x0100",
        "botLotID": "NA",
        "deviceRev": "0xA00A000",
        "topLotID": "Q011061",
        "botWaferID": "NA",
        "topWaferID": 17
    },
    "opticalCenter": {
        "fPix": 635.87,
        "xCenter": 336.55,
        "yCenter": 406.82
    },
    "calibrationFreq1": {
        "frequencyMhz": 200.0,
        "hwDelayNs": 3.2639928746217617,
        "colDzero0Mm": 0.0399169921875,
        "colDzero1Mm": -0.96826171875,
        "colDzero2Mm": 1.0323486328125,
        "colDzero3Mm": -1.7978515625,
        "colDzero4Mm": -0.9295654296875,
        "colDzero5Mm": 2.62939453125,
        "driftRxMmPerC": 0.5647939443588257,
        "driftTxMmPerC": 0.7753118276596069
    }
}