{
    "distCoefficients": {
        "alpha": -1.62800606462581e-07
    },
    "txUID": {
        "productCode": "0FB1",
        "name": "PhotonIC.OFilm_wFPGA",
        "testRevision": "2.4.2",
        "testStatus": "PASS",
        "version": "20201109-203246",
        "uniqueID": "21W28.2-00A.031",
        "laserClass1": false
    },
    "calibrationFreq6": {
        "frequencyMhz": 157.142857,
        "hwDelayNs": 3.177261527268808,
        "colDzero0Mm": -1.56298828125,
        "colDzero1Mm": 0.07769775390625,
        "colDzero2Mm": 1.1783447265625,
        "colDzero3Mm": 0.99444580078125,
        "colDzero4Mm": -2.90777587890625,
        "colDzero5Mm": 2.242919921875,
        "driftRxMmPerC": 1.2064716815948486,
        "driftTxMmPerC": 0.5793165564537048
    },
    "calibrationFreq4": {
        "frequencyMhz": 185.714286,
        "hwDelayNs": 3.1780229589802587,
        "colDzero0Mm": 1.65234375,
        "colDzero1Mm": 1.23663330078125,
        "colDzero2Mm": -1.5272216796875,
        "colDzero3Mm": 2.96759033203125,
        "colDzero4Mm": -3.23223876953125,
        "colDzero5Mm": -1.1536865234375,
        "driftRxMmPerC": 1.235071063041687,
        "driftTxMmPerC": 0.5190646648406982
    },
    "calibrationFreq5": {
        "frequencyMhz": 166.666667,
        "hwDelayNs": 3.1689391193809233,
        "colDzero0Mm": -0.19732666015625,
        "colDzero1Mm": 0.688720703125,
        "colDzero2Mm": 1.2008056640625,
        "colDzero3Mm": 2.10076904296875,
        "colDzero4Mm": -4.718994140625,
        "colDzero5Mm": 0.94940185546875,
        "driftRxMmPerC": 1.366309642791748,
        "driftTxMmPerC": 0.5426035523414612
    },
    "calibrationFreq2": {
        "frequencyMhz": 177.777778,
        "hwDelayNs": 3.1864579528939276,
        "colDzero0Mm": 0.73492431640625,
        "colDzero1Mm": -0.9298095703125,
        "colDzero2Mm": 0.697265625,
        "colDzero3Mm": 3.04254150390625,
        "colDzero4Mm": -3.09136962890625,
        "colDzero5Mm": -0.4638671875,
        "driftRxMmPerC": 1.1253083944320679,
        "driftTxMmPerC": 0.6487041115760803
    },
    "calibrationFreq3": {
        "frequencyMhz": 133.333333,
        "hwDelayNs": 3.196168243128593,
        "colDzero0Mm": -1.108642578125,
        "colDzero1Mm": 3.137451171875,
        "colDzero2Mm": 1.79461669921875,
        "colDzero3Mm": 0.1837158203125,
        "colDzero4Mm": -3.645263671875,
        "colDzero5Mm": -0.252197265625,
        "driftRxMmPerC": 1.0120198726654053,
        "driftTxMmPerC": 0.7507711052894592
    },
    "papabearUID": {
        "dieX": 9,
        "dieY": 6,
        "fwRev": "0x0100",
        "botLotID": "NA",
        "deviceRev": "0xA00A000",
        "topLotID": "Q011061",
        "botWaferID": "NA",
        "topWaferID": 17
    },
    "opticalCenter": {
        "fPix": 635.09,
        "xCenter": 338.1,
        "yCenter": 407.37
    },
    "calibrationFreq1": {
        "frequencyMhz": 200.0,
        "hwDelayNs": 3.1983263116155927,
        "colDzero0Mm": 1.48095703125,
        "colDzero1Mm": 2.238525390625,
        "colDzero2Mm": -0.56451416015625,
        "colDzero3Mm": 3.12188720703125,
        "colDzero4Mm": -3.51727294921875,
        "colDzero5Mm": -2.75115966796875,
        "driftRxMmPerC": 0.9085532426834106,
        "driftTxMmPerC": 0.7141361832618713
    }
}