{
    "distCoefficients": {
        "alpha": -1.77405643250909e-07
    },
    "txUID": {
        "productCode": "0FB1",
        "name": "PhotonIC.OFilm_wFPGA",
        "testRevision": "2.4.2",
        "testStatus": "PASS",
        "version": "20201109-203246",
        "uniqueID": "21W28.2-00A.034",
        "laserClass1": false
    },
    "calibrationFreq6": {
        "frequencyMhz": 157.142857,
        "hwDelayNs": 3.288087709279114,
        "colDzero0Mm": 0.972900390625,
        "colDzero1Mm": 1.18359375,
        "colDzero2Mm": 1.397705078125,
        "colDzero3Mm": -1.916259765625,
        "colDzero4Mm": -0.7093505859375,
        "colDzero5Mm": -0.8580322265625,
        "driftRxMmPerC": 0.4776070713996887,
        "driftTxMmPerC": 0.9347736239433289
    },
    "calibrationFreq4": {
        "frequencyMhz": 185.714286,
        "hwDelayNs": 3.281981597009105,
        "colDzero0Mm": 1.021484375,
        "colDzero1Mm": 0.8599853515625,
        "colDzero2Mm": 0.7078857421875,
        "colDzero3Mm": -2.569091796875,
        "colDzero4Mm": -0.956298828125,
        "colDzero5Mm": 0.99072265625,
        "driftRxMmPerC": 0.34726226329803467,
        "driftTxMmPerC": 1.0247122049331665
    },
    "calibrationFreq5": {
        "frequencyMhz": 166.666667,
        "hwDelayNs": 3.2607655442768633,
        "colDzero0Mm": -0.5240478515625,
        "colDzero1Mm": 1.2421875,
        "colDzero2Mm": 1.0843505859375,
        "colDzero3Mm": -0.368896484375,
        "colDzero4Mm": -1.1729736328125,
        "colDzero5Mm": -0.248291015625,
        "driftRxMmPerC": 0.6180175542831421,
        "driftTxMmPerC": 1.0329713821411133
    },
    "calibrationFreq2": {
        "frequencyMhz": 177.777778,
        "hwDelayNs": 3.279087545731491,
        "colDzero0Mm": 0.234619140625,
        "colDzero1Mm": 1.6400146484375,
        "colDzero2Mm": 1.28271484375,
        "colDzero3Mm": -1.01708984375,
        "colDzero4Mm": -2.0032958984375,
        "colDzero5Mm": -0.1099853515625,
        "driftRxMmPerC": 0.6567837595939636,
        "driftTxMmPerC": 0.8767656087875366
    },
    "calibrationFreq3": {
        "frequencyMhz": 133.333333,
        "hwDelayNs": 3.3021082323381448,
        "colDzero0Mm": -0.613525390625,
        "colDzero1Mm": 2.135009765625,
        "colDzero2Mm": 1.77978515625,
        "colDzero3Mm": -2.159423828125,
        "colDzero4Mm": -0.754150390625,
        "colDzero5Mm": -0.3333740234375,
        "driftRxMmPerC": 0.3027099072933197,
        "driftTxMmPerC": 1.0660980939865112
    },
    "papabearUID": {
        "dieX": 11,
        "dieY": -10,
        "fwRev": "0x0100",
        "botLotID": "NA",
        "deviceRev": "0xA00A000",
        "topLotID": "Q011061",
        "botWaferID": "NA",
        "topWaferID": 17
    },
    "opticalCenter": {
        "fPix": 636.95,
        "xCenter": 334.47,
        "yCenter": 409.54
    },
    "calibrationFreq1": {
        "frequencyMhz": 200.0,
        "hwDelayNs": 3.2842361678039196,
        "colDzero0Mm": 0.601806640625,
        "colDzero1Mm": 1.9053955078125,
        "colDzero2Mm": 0.543701171875,
        "colDzero3Mm": -2.2266845703125,
        "colDzero4Mm": -2.0279541015625,
        "colDzero5Mm": 1.2159423828125,
        "driftRxMmPerC": 0.5628893375396729,
        "driftTxMmPerC": 0.8079489469528198
    }
}