{
    "distCoefficients": {
        "alpha": -1.5999884117887092e-07
    },
    "txUID": {
        "productCode": "0FB1",
        "name": "PhotonIC.OFilm_wFPGA",
        "testRevision": "2.4.2",
        "testStatus": "PASS",
        "version": "20201109-203246",
        "uniqueID": "21W28.4-00A.038",
        "laserClass1": false
    },
    "calibrationFreq6": {
        "frequencyMhz": 166.666667,
        "hwDelayNs": 3.2073207746049475,
        "colDzero0Mm": 0.8492431640625,
        "colDzero1Mm": 0.0831298828125,
        "colDzero2Mm": -3.05029296875,
        "colDzero3Mm": -0.6103515625,
        "colDzero4Mm": -2.1519775390625,
        "colDzero5Mm": 4.8277587890625,
        "driftRxMmPerC": 0.818658173084259,
        "driftTxMmPerC": 1.0802888870239258
    },
    "calibrationFreq4": {
        "frequencyMhz": 185.714286,
        "hwDelayNs": 3.2165210684660344,
        "colDzero0Mm": 2.138916015625,
        "colDzero1Mm": 1.788330078125,
        "colDzero2Mm": -3.66259765625,
        "colDzero3Mm": -1.176025390625,
        "colDzero4Mm": -2.0972900390625,
        "colDzero5Mm": 2.9715576171875,
        "driftRxMmPerC": 0.32867443561553955,
        "driftTxMmPerC": 1.4837219715118408
    },
    "calibrationFreq5": {
        "frequencyMhz": 157.142857,
        "hwDelayNs": 3.2289525609079863,
        "colDzero0Mm": 1.6773681640625,
        "colDzero1Mm": -0.1605224609375,
        "colDzero2Mm": -0.8564453125,
        "colDzero3Mm": -2.283447265625,
        "colDzero4Mm": -2.9752197265625,
        "colDzero5Mm": 4.491455078125,
        "driftRxMmPerC": 0.7310776114463806,
        "driftTxMmPerC": 1.035743236541748
    },
    "calibrationFreq2": {
        "frequencyMhz": 177.777778,
        "hwDelayNs": 3.2735005914465622,
        "colDzero0Mm": 0.6492919921875,
        "colDzero1Mm": 1.0797119140625,
        "colDzero2Mm": -1.934326171875,
        "colDzero3Mm": -1.1871337890625,
        "colDzero4Mm": -3.1566162109375,
        "colDzero5Mm": 4.4686279296875,
        "driftRxMmPerC": 0.01474518608301878,
        "driftTxMmPerC": 1.3767271041870117
    },
    "calibrationFreq3": {
        "frequencyMhz": 133.333333,
        "hwDelayNs": 3.248458446159964,
        "colDzero0Mm": -1.0074462890625,
        "colDzero1Mm": 3.2030029296875,
        "colDzero2Mm": -2.816162109375,
        "colDzero3Mm": -2.060791015625,
        "colDzero4Mm": -2.08544921875,
        "colDzero5Mm": 4.78125,
        "driftRxMmPerC": 0.32345426082611084,
        "driftTxMmPerC": 1.1809598207473755
    },
    "papabearUID": {
        "dieX": 10,
        "dieY": 0,
        "fwRev": "0x0100",
        "botLotID": "NA",
        "deviceRev": "0xA00A000",
        "topLotID": "Q011061",
        "botWaferID": "NA",
        "topWaferID": 17
    },
    "opticalCenter": {
        "fPix": 637.96,
        "xCenter": 341.05,
        "yCenter": 408.84
    },
    "calibrationFreq1": {
        "frequencyMhz": 200.0,
        "hwDelayNs": 3.2763358048192,
        "colDzero0Mm": 0.4410400390625,
        "colDzero1Mm": 2.2996826171875,
        "colDzero2Mm": -3.576904296875,
        "colDzero3Mm": -2.0538330078125,
        "colDzero4Mm": -1.1497802734375,
        "colDzero5Mm": 4.0496826171875,
        "driftRxMmPerC": 0.08898104727268219,
        "driftTxMmPerC": 1.127152681350708
    }
}