{
    "distCoefficients": {
        "alpha": -4.284350070695442e-08
    },
    "txUID": {
        "productCode": "0FB1",
        "name": "PhotonIC.OFilm_wFPGA",
        "testRevision": "2.5.1",
        "testStatus": "PASS",
        "version": "20210414-152027",
        "uniqueID": "21W34.5-00A.045",
        "laserClass1": false
    },
    "calibrationFreq6": {
        "frequencyMhz": 157.142857,
        "hwDelayNs": 3.267769494474011,
        "colDzero0Mm": -2.2076416015625,
        "colDzero1Mm": 0.7255859375,
        "colDzero2Mm": 2.24755859375,
        "colDzero3Mm": -0.5771484375,
        "colDzero4Mm": -1.28076171875,
        "colDzero5Mm": 1.0672607421875,
        "driftRxMmPerC": 0.7703853249549866,
        "driftTxMmPerC": 0.762471616268158
    },
    "calibrationFreq4": {
        "frequencyMhz": 185.714286,
        "hwDelayNs": 3.2311544015388263,
        "colDzero0Mm": -2.8922119140625,
        "colDzero1Mm": -0.761962890625,
        "colDzero2Mm": 4.707763671875,
        "colDzero3Mm": -1.32275390625,
        "colDzero4Mm": -2.4542236328125,
        "colDzero5Mm": 2.709228515625,
        "driftRxMmPerC": 0.855964720249176,
        "driftTxMmPerC": 0.9262811541557312
    },
    "calibrationFreq5": {
        "frequencyMhz": 166.666667,
        "hwDelayNs": 3.2372423941771995,
        "colDzero0Mm": -1.81982421875,
        "colDzero1Mm": -0.0191650390625,
        "colDzero2Mm": 2.6253662109375,
        "colDzero3Mm": -1.136474609375,
        "colDzero4Mm": -1.23431396484375,
        "colDzero5Mm": 1.567138671875,
        "driftRxMmPerC": 0.803257405757904,
        "driftTxMmPerC": 0.7391268610954285
    },
    "calibrationFreq2": {
        "frequencyMhz": 177.777778,
        "hwDelayNs": 3.2081361580285734,
        "colDzero0Mm": -3.3583984375,
        "colDzero1Mm": 0.006591796875,
        "colDzero2Mm": 3.710205078125,
        "colDzero3Mm": -0.97998046875,
        "colDzero4Mm": -1.3770751953125,
        "colDzero5Mm": 1.990966796875,
        "driftRxMmPerC": 0.9443485140800476,
        "driftTxMmPerC": 0.9201364517211914
    },
    "calibrationFreq3": {
        "frequencyMhz": 133.333333,
        "hwDelayNs": 3.2472837239741157,
        "colDzero0Mm": -1.636474609375,
        "colDzero1Mm": -0.1263427734375,
        "colDzero2Mm": 1.6549072265625,
        "colDzero3Mm": 0.58056640625,
        "colDzero4Mm": -2.0399169921875,
        "colDzero5Mm": 1.5260009765625,
        "driftRxMmPerC": 0.887599527835846,
        "driftTxMmPerC": 0.7647696137428284
    },
    "papabearUID": {
        "dieX": 11,
        "dieY": 1,
        "fwRev": "0x0100",
        "botLotID": "NA",
        "deviceRev": "0xA00A000",
        "topLotID": "Q011061",
        "botWaferID": "NA",
        "topWaferID": 17
    },
    "opticalCenter": {
        "fPix": 645.03,
        "xCenter": 336.73,
        "yCenter": 398.81
    },
    "calibrationFreq1": {
        "frequencyMhz": 200.0,
        "hwDelayNs": 3.2536868760481377,
        "colDzero0Mm": -3.0355224609375,
        "colDzero1Mm": -0.08837890625,
        "colDzero2Mm": 3.104248046875,
        "colDzero3Mm": -0.825439453125,
        "colDzero4Mm": -2.3194580078125,
        "colDzero5Mm": 3.1148681640625,
        "driftRxMmPerC": 0.6679946780204773,
        "driftTxMmPerC": 0.7950456738471985
    }
}