{
    "distCoefficients": {
        "alpha": -1.5197815110352003e-07
    },
    "txUID": {
        "productCode": "0FB1",
        "name": "PhotonIC.OFilm_wFPGA",
        "testRevision": "2.5.1",
        "testStatus": "PASS",
        "version": "20210414-152027",
        "uniqueID": "21W35.3-00A.054",
        "laserClass1": false
    },
    "calibrationFreq6": {
        "frequencyMhz": 157.142857,
        "hwDelayNs": 3.2475781170903613,
        "colDzero0Mm": 0.067138671875,
        "colDzero1Mm": -0.207763671875,
        "colDzero2Mm": -1.434814453125,
        "colDzero3Mm": 0.6856689453125,
        "colDzero4Mm": -1.47802734375,
        "colDzero5Mm": 2.3643798828125,
        "driftRxMmPerC": 0.844329297542572,
        "driftTxMmPerC": 0.6329166889190674
    },
    "calibrationFreq4": {
        "frequencyMhz": 185.714286,
        "hwDelayNs": 3.2324805957014977,
        "colDzero0Mm": -1.02337646484375,
        "colDzero1Mm": 1.0804443359375,
        "colDzero2Mm": -1.2296142578125,
        "colDzero3Mm": 0.233154296875,
        "colDzero4Mm": -2.214599609375,
        "colDzero5Mm": 3.1605224609375,
        "driftRxMmPerC": 0.5934764742851257,
        "driftTxMmPerC": 0.9423784017562866
    },
    "calibrationFreq5": {
        "frequencyMhz": 166.666667,
        "hwDelayNs": 3.2357060937240956,
        "colDzero0Mm": -1.25714111328125,
        "colDzero1Mm": 0.0360107421875,
        "colDzero2Mm": -1.38128662109375,
        "colDzero3Mm": 0.94976806640625,
        "colDzero4Mm": -0.81463623046875,
        "colDzero5Mm": 2.49908447265625,
        "driftRxMmPerC": 0.6692016124725342,
        "driftTxMmPerC": 0.7519764304161072
    },
    "calibrationFreq2": {
        "frequencyMhz": 177.777778,
        "hwDelayNs": 3.213648801464658,
        "colDzero0Mm": -1.3470458984375,
        "colDzero1Mm": 1.0263671875,
        "colDzero2Mm": -1.4197998046875,
        "colDzero3Mm": 1.01739501953125,
        "colDzero4Mm": -2.2835693359375,
        "colDzero5Mm": 3.031494140625,
        "driftRxMmPerC": 0.5986927151679993,
        "driftTxMmPerC": 0.9924776554107666
    },
    "calibrationFreq3": {
        "frequencyMhz": 133.333333,
        "hwDelayNs": 3.242861108715333,
        "colDzero0Mm": -0.81927490234375,
        "colDzero1Mm": 0.8509521484375,
        "colDzero2Mm": -1.4249267578125,
        "colDzero3Mm": 0.7115478515625,
        "colDzero4Mm": -2.619384765625,
        "colDzero5Mm": 3.2769775390625,
        "driftRxMmPerC": 0.6434783339500427,
        "driftTxMmPerC": 0.7816095352172852
    },
    "papabearUID": {
        "dieX": 11,
        "dieY": 10,
        "fwRev": "0x0100",
        "botLotID": "NA",
        "deviceRev": "0xA00A000",
        "topLotID": "Q011061",
        "botWaferID": "NA",
        "topWaferID": 17
    },
    "opticalCenter": {
        "fPix": 638.52,
        "xCenter": 337.3,
        "yCenter": 407.47
    },
    "calibrationFreq1": {
        "frequencyMhz": 200.0,
        "hwDelayNs": 3.2471982156001027,
        "colDzero0Mm": -1.4478759765625,
        "colDzero1Mm": 0.9976806640625,
        "colDzero2Mm": -0.8262939453125,
        "colDzero3Mm": 0.5350341796875,
        "colDzero4Mm": -2.171630859375,
        "colDzero5Mm": 2.90081787109375,
        "driftRxMmPerC": 0.36682963371276855,
        "driftTxMmPerC": 0.879585862159729
    }
}