{
    "distCoefficients": {
        "alpha": -1.7764285619658e-07
    },
    "txUID": {
        "productCode": "0FB1",
        "name": "PhotonIC.OFilm_wFPGA",
        "testRevision": "2.5.1",
        "testStatus": "PASS",
        "version": "20210414-152027",
        "uniqueID": "21W35.3-00A.056",
        "laserClass1": false
    },
    "calibrationFreq6": {
        "frequencyMhz": 157.142857,
        "hwDelayNs": 3.292633497314749,
        "colDzero0Mm": -0.531005859375,
        "colDzero1Mm": -1.2615966796875,
        "colDzero2Mm": -1.201416015625,
        "colDzero3Mm": 3.002685546875,
        "colDzero4Mm": -0.7913818359375,
        "colDzero5Mm": 0.802490234375,
        "driftRxMmPerC": 0.5108122825622559,
        "driftTxMmPerC": 0.9514530301094055
    },
    "calibrationFreq4": {
        "frequencyMhz": 185.714286,
        "hwDelayNs": 3.2563492403504486,
        "colDzero0Mm": -0.8291015625,
        "colDzero1Mm": -1.837890625,
        "colDzero2Mm": -0.3643798828125,
        "colDzero3Mm": 2.79833984375,
        "colDzero4Mm": -2.104736328125,
        "colDzero5Mm": 2.3873291015625,
        "driftRxMmPerC": 0.9158245325088501,
        "driftTxMmPerC": 0.8732337355613708
    },
    "calibrationFreq5": {
        "frequencyMhz": 166.666667,
        "hwDelayNs": 3.2473250530215556,
        "colDzero0Mm": 0.0350341796875,
        "colDzero1Mm": -0.95556640625,
        "colDzero2Mm": -1.38037109375,
        "colDzero3Mm": 2.2386474609375,
        "colDzero4Mm": -1.2003173828125,
        "colDzero5Mm": 1.299072265625,
        "driftRxMmPerC": 0.7525649666786194,
        "driftTxMmPerC": 0.9209905862808228
    },
    "calibrationFreq2": {
        "frequencyMhz": 177.777778,
        "hwDelayNs": 3.234292355273744,
        "colDzero0Mm": -1.2396240234375,
        "colDzero1Mm": -2.2080078125,
        "colDzero2Mm": 0.2755126953125,
        "colDzero3Mm": 3.0379638671875,
        "colDzero4Mm": -2.3531494140625,
        "colDzero5Mm": 2.506591796875,
        "driftRxMmPerC": 1.0134334564208984,
        "driftTxMmPerC": 0.8558394908905029
    },
    "calibrationFreq3": {
        "frequencyMhz": 133.333333,
        "hwDelayNs": 3.249461948006419,
        "colDzero0Mm": -1.405517578125,
        "colDzero1Mm": -1.8101806640625,
        "colDzero2Mm": -0.1005859375,
        "colDzero3Mm": 2.8040771484375,
        "colDzero4Mm": -1.6092529296875,
        "colDzero5Mm": 2.1400146484375,
        "driftRxMmPerC": 1.4633132219314575,
        "driftTxMmPerC": 0.37218451499938965
    },
    "papabearUID": {
        "dieX": 11,
        "dieY": 2,
        "fwRev": "0x0100",
        "botLotID": "NA",
        "deviceRev": "0xA00A000",
        "topLotID": "Q011061",
        "botWaferID": "NA",
        "topWaferID": 17
    },
    "opticalCenter": {
        "fPix": 640.01,
        "xCenter": 335.88,
        "yCenter": 406.69
    },
    "calibrationFreq1": {
        "frequencyMhz": 200.0,
        "hwDelayNs": 3.2664575517070085,
        "colDzero0Mm": -0.8721923828125,
        "colDzero1Mm": -1.7535400390625,
        "colDzero2Mm": -0.71044921875,
        "colDzero3Mm": 2.2479248046875,
        "colDzero4Mm": -1.50927734375,
        "colDzero5Mm": 2.6416015625,
        "driftRxMmPerC": 0.8990178108215332,
        "driftTxMmPerC": 0.5705666542053223
    }
}